Date,Country,Vehicle,Battle type,BR,Place on team,W/L,Squad?,all kills,Assists ,Deaths,AI Targets,Bomb Target Tons,Caps,Mission Points,Activity,Duration,SL w/ boost,RP w/ boost (yellow),Important Trophies,SL,RP,RP in range,SL booster,RP booster,Map,Type,map suck?,upteired?,Task,Completion,Special,Completion
,US,Air,AB,2.7,,L,,6,2,0,0,0,0,,,,6992,1836,,6992,1836,yes,0,0,,,,,,,,
,Sweden,Air,AB,4.0,,W,,1,0,0,0,5.06,0,,,,32701,5812,,32701,4471,yes,0,30,,,,,,,,
,Sweden,Air,AB,4.0,,L,,3,2,3,0,2.06,0,,,,492,3303,,492,2541,yes,0,30,,,,,,,,
,USSR,Ground,RB,4.3,,W,,4,0,2,0,0,0,,,,18217,5036,,18217,3874,yes,0,30,,,,,,,,
,USSR,Ground,RB,4.3,,L,,3,1,2,0,0,0,,,,10872,2620,,10872,2015,yes,0,30,,,,,,,,
,US,Naval,AB,3.0,11,W,,1,2,0,0,0,0,,,,5131,1626,,5131,1251,no,0,30,,,,,,,,
,US,Navel, AB,3.0,7,W,,3,2,0,0,0,0,,,,12531,1210,,12531,1210,no,0,0,,,,,,,,
,US,Air,AB,3.7,4,L,,5,3,4,2,0,0,,,,16399,5964,,16399,5964,yes,0,0,,,,,,,,
,US,Air,AB,3.7,7,W,,2,2,0,0,0,0,,,,6788,3082,,6788,3082,yes,0,0,,,,,,,,
,Swedish,Air,AB,2.0,3,L,,2,0,2,14,0,0,,,,5390,1046,,5390,1046,no,0,0,,,,,,,,
,Swedish,Air,AB,2.0,4,L,,0,5,1,2,0,0,,,,2119,656,,2119,656,no,0,0,,,,,,,,
,Swedish,Air,AB,2.0,13,W,,0,0,1,8,0,0,,,,3039,1138,,3039,1138,no,0,0,,,,,,,,
,Swedish,Air,AB,2.0,1,W,,4,0,2,25,0,0,,,,26558,2352,,26558,2352,no,0,0,,,,,,,,
,Swedish,Air,AB,2.0,4,L,,1,1,1,9,0,0,,,,6076,838,,6076,838,no,0,0,,,,,,,,
,US,Naval,AB,5.7,6,W,,6,0,5,0,0,0,,,,73358,7284,,24453,4162,yes,200,75,,,,,,,,
,German,Air,AB,5.3,7,L,,2,1,3,0,1,0,,,,13046,2435,,7455,1391,yes,75,75,,,,,,,,
,German,Air,AB,5.3,12,W,,1,0,1,0,0,0,,,,7687,1112,,4393,1112,yes,75,0,,,,,,,,
,German,Air,AB,5.3,3,L,,3,2,3,0,0,0,,,,14573,1692,,8327,1471,yes,75,15,,,,,,,,
,USSR,Air,AB,4.0,12,W,,4,0,0,0,0,0,,,,22655,2809,,12946,2443,yes,75,15,,,,,,,,
,GB,Air,AB,3.7,5,W,,4,1,2,0,0,0,,,,24960,2960,,14263,2574,yes,75,15,,,,,,,,
,China,Air,AB,3.7,5,W,,4,0,2,0,0,0,,,,33750,2900,,13500,2522,yes,150,15,,,,,,,,
,Italy,Air,AB,4.0,12,W,,1,1,0,0,0,0,,,,14003,720,,5601,626,yes,150,15,,,,,,,,
,France,Air,AB,4.0,6,L,,1,2,3,0,0.95,0,,,,21346,2119,,8538,1843,yes,150,15,,,,,,,,
,France,Air,AB,4.0,9,L,,2,0,1,0,0.342,0,,,,15495,1626,,6198,1414,yes,150,15,,,,,,,,
,France,Air,AB,4.0,9,L,,2,0,4,1,0,0,,,,20248,2028,,8099,1763,yes,150,15,,,,,,,,
,Sweden,Air,AB,4.0,5,W,,0,0,0,0,5.56,0,,,,44693,6147,,25539,5345,yes,75,15,Mountain Ridge China,Ground Strike,,,,,,
,Germany,Air,AB,2.7,7,L,,0,0,1,0,3,0,,,,13936,1633,,7963,1420,yes,75,15,Sicily,Ground Strike,,,,,,
,Germany,Air,AB,2.7,6,W,,0,0,0,0,2.31,0,,,,14427,1692,,8244,1471,yes,75,15,Ireland,Ground Strike,,,,,,
,US,Air,AB,5.3,4,W,,1,1,1,1,2.87,0,,,,44420,6066,,25383,2426,yes,75,150,Grave Robbers Cliffs,Ground Strike,,,,,,
,US,Air,AB,5.3,8,W,,0,0,1,0,3.82,0,,,,33264,6600,,19008,2640,yes,75,150,Grave Robbers Cliffs,Ground Strike,,,,,,
,Sweden,Air,AB,4.0,5,L,,3,2,4,0,1.02,0,,,,275,4341,,157,1736,yes,75,150,Pacific Hidden Base,Ground Strike,,,,,,
,US,Ground,RB,3.7,13,L,,0,0,3,0,0,0,,,,1343,1737,,767,695,yes,75,150,Port Novoroskyissk,Conquest #1,,,,,,
,US,Ground,RB,3.7,4,L,,2,1,2,0,0,0,,,,11119,3289,,6354,1316,yes,75,150,Advance to the Rhine,Domination,,,,,,
,US,Ground,RB,3.7,4,L,,3,1,3,0,0,0,,,,12743,3501,,7282,1400,yes,75,150,Cargo Port,Dominatoin,,,,,,
,US,Ground,RB,3.7,9,W,,3,0,2,0,0,0,,,,25132,7039,,10053,2346,yes,150,200,Campania,Domination,,,,,,
,US,Ground,RB,3.7,14,W,,0,0,2,0,0,0,,,,5186,1700,,2074,971,yes,150,75,Ardenees,Domination,,,,,,
,US,Ground,RB,3.7,13,W,,0,1,2,0,0,1,,,,17565,3916,,5855,2238,yes,200,75,Cargo Port,Battle,,,,,,
,US,Ground,RB,3.7,5,L,,3,0,3,0,0,0,,,,22934,3595,,7645,2054,yes,200,75,Ardennes,Domination,,,,,,
,US,Ground,RB,3.7,16,W,,0,0,3,0,0,0,,,,3259,2739,,3259,1565,yes,0,75,Jungle,Domination,,,,,,
,US,Air,AB,2.7,7,W,,3,0,2,0,0,0,,,,11657,2700,,4663,1543,no,150,75,Ruhr,Ground Strike,,,,,,
,USSR,Naval,AB,3.3,1,W,,6,8,0,0,0,0,,,,119416,6081,,47766,3475,yes,150,75,,,,,,,,
,USSR,Naval,AB,3.3,1,W,,7,3,1,0,0,0,,,,52344,8734,,20938,1878,yes,150,365,,,,,,,,
,USSR,Naval,AB,3.3,4,W,,3,6,2,0,0,0,,,,47895,13344,,15965,2069,yes,200,545,,,,,,,,
,USSR,Naval,AB,3.3,4,W,,4,0,3,0,0,1,,,,138388,9795,,21290,1797,yes,550,445,,,,,,,,
,UK,Naval,AB,4.0,9,L,,1,0,0,0,0,0,,,,8247,1223,,2749,408,yes,200,200,Andaman Sea,Domination,Sucks,,,,,
,UK,Naval,AB,4.0,13,L,,0,1,1,0,0,0,,,,5528,1004,,1843,335,yes,200,200,Volcanic Island,Domination,,,,,,
,UK,Naval,AB,4.0,6,W,,2,2,1,0,0,0,,,,22412,3772,,22412,3772,yes,0,0,Black Sea,Encounter,,,,,,
,UK,Naval,AB,4.0,2,L,,3,4,0,0,0,0,,,,24425,2721,,24425,2721,yes,0,0,La manche,Conquest,Sucks,,,,,
,UK,Naval,AB,4.0,9,L,,1,2,1,0,0,0,,,,2635,1196,,2635,1196,yes,0,0,Black Sea Port,Domination,,,,,,
,UK,Naval,AB,4.0,8,W,,2,5,0,0,0,0,,,,21551,3682,,21551,3347,yes,0,10,South Africa,Domination,not bad,,,,,
,UK,Naval,AB,4.0,11,L,,1,0,0,0,0,0,,,,2959,811,,2959,737,yes,0,10,Fiji,Domination,,,,,,
,UK,Naval,AB,4.0,9,L,,1,1,1,0,0,0,,,,2251,961,,2251,874,yes,0,10,Midway,Conquest,sucks,,,,,
,UK,Naval,AB,4.0,11,L,,0,1,1,0,0,0,,,,1640,722,,1640,656,yes,0,10,Aleutian Islands,Domination,,,,,,
,UK,Naval,AB,4.0,9,W,,1,1,0,0,0,0,,,,9356,2619,,9356,2381,yes,0,10,Midway,Conquest,sucks,,,,,
,UK,Naval,AB,4.0,1,W,,9,4,1,0,0,1,,,,74968,9267,,74968,8425,yes,0,10,Volcanic Island,Domination,,,,,,
,Sweden,Air,AB,4.0,5,W,,4,1,0,0,0,0,,,,15620,2786,,12496,2322,yes,25,20,Fjords,Ground Strike,,,,,,
,USSR,Naval,AB,3.3,4,W,,6,3,2,0,0,3,,,,19916,3766,,17318,3766,yes,15,0,Ireland bay,Domination,,,,,,
,USSR,Naval,AB,3.3,3,W,,6,7,0,0,0,0,,,,37756,3806,,32831,3806,yes,15,0,Mediterrainean port,domination,,,,,,
,Sweden,Air,AB,4.0,12,L,,0,0,0,0,1.06,0,,,,2817,1058,,2450,1058,yes,15,0,Guam,Ground Strike,,,,,,
,Sweden,Air,AB,4.0,10,L,,4,0,0,0,0,0,,,,6927,3059,,6023,1177,yes,15,160,Wake Island,Ground Strike,,,,,,
,US,Air,AB,5.3,13,L,,0,0,0,0,0.297,0,,,,5141,889,,4470,808,yes,15,10,Spain,Ground Strike,,,,,,
,Italy,Air,AB,3.3,12,L,,0,0,0,0,4.27,0,,,,7635,2318,,7635,2318,yes,0,0,ruhr,Ground Strike,,,,,,
,Italy,Air,AB,3.3,5,W,,0,0,1,0,2.8,0,,,,10889,2622,,10889,2622,yes,0,0,Greece,Ground Strike,,,,,,
,Sweden,Air,AB,4.0,5,L,,2,0,1,0,1.6,0,,,,6431,2038,,6431,2038,yes,0,0,Oahu,Ground Strike,,,,,,
,USSR,Air,AB,4.0,7,W,,3,2,2,0,0,0,,,,44316,5975,,14772,1992,yes,200,200,Port Moresby,Ground Strike,,,,,,
,USSR,Air,AB,4.0,14,L,,0,0,0,0,0,0,,,,-7,278,,-7,278,yes,0,0,City,Ground Strike,Awesome,,,,,
,German,Air,AB,5.3,9,L,,0,2,1,0,0,0,,,,5108,914,,5108,914,yes,0,0,Deserted Coast,Ground Strike,,,,,,
,USSR,Air,AB,4.0,5,W,,5,3,1,0,0,0,,,,27918,3598,,21475,3598,yes,30,0,Vietnam,domination,,,,,,
,USSR,Naval,AB,3.3,1,L,,4,1,3,0,0,0,,,,-331,1488,,-255,1488,yes,30,0,Arabian Sea,domination,,,,,,
,USSR,Naval,AB,3.3,7,W,,1,2,2,0,0,0,,,,8530,1520,,6562,1520,yes,30,0,Ireland Bay,domination,,,,,,
1/16/2021,USSR,Air,AB,4.0,12,L,,0,0,0,0,0.726,0,,57,,6128,1068,,4714,1068,yes,30,0,Berlin,Ground Strike,,,,,,
1/16/2021,USSR,Air,AB,4.0,12,L,,1,2,1,0,0,0,,66,,3171,1030,,2439,1030,yes,30,0,Graves Robbers Clifs,Ground Strike,,,,,,
1/16/2021,USSR,Air,AB,4.0,8,W,,3,0,2,1,0,0,,72,,48266,2576,,12067,2576,yes,300,0,ruhr,Ground Strike,,,,,,
1/16/2021,USSR,Air,AB,4.0,6,l,,3,1,2,6,0,0,,75,,31402,1844,,7851,1844,yes,300,0,Greece,Ground Strike,,,,,,
1/16/2021,USSR,Air,AB,4.0,4,L,,2,0,3,7,0,0,,80,,22027,1488,,5507,1488,yes,300,0,Britain,Ground Strike,,,,,,
1/16/2021,USSR,Air,AB,4.0,3,L,,3,0,3,12,0,1,,87,,38483,1914,,9621,1914,yes,300,0,Denmark,domination,,,,,,
1/16/2021,USSR,Air,AB,4.0,6,L,,5,2,4,2,0,0,,86,,44495,2050,,11124,2050,yes,300,0,Winter Stalingrad,domination,,,,,,
1/16/2021,USSR,Air,AB,4.0,9,L,,2,2,5,2,0,0,,69,,7429,1738,,1857,1738,yes,300,0,Port Moresby,Ground Strike,,,,,,
1/16/2021,USSR,Air,AB,4.0,6,W,,4,4,2,0,0,0,,86,,20735,3080,,20735,3080,yes,0,0,Korsun,domination,,,,,,
1/16/2021,USSR,Air,AB,4.0,2,W,,1,2,2,6,0,0,,92,,12398,2060,,12398,2060,yes,0,0,Oahu,Ground Strike,,,,,,
1/16/2021,USSR,Air,AB,4.0,3,L,,3,5,1,4,0,0,,86,,26894,1824,,10758,1824,yes,150,0,Graves Robbers Clifs,Ground Strike,,,,,,
1/16/2021,Germany,Air,AB,5.3,1,W,,5,3,5,2,2,0,,88,,69056,6068,,27622,6068,yes,150,0,"Mountain Ridge, China",Frontline,took forever,,,,,
1/16/2021,USSR,Naval,AB,3.3,1,L,,8,3,0,0,0,0,,87,,31849,2898,,31849,2898,yes,0,0,South Kvarken,Domination,,,,,,
1/16/2021,UK,Air,AB,2.7,2,W,,4,1,3,0,0,0,,83,,10306,2591,,10306,2355,yes,0,10,Foothills,Frontline,,,,,,
1/16/2021,USSR,Naval,AB,3.3,3,W,,6,4,2,0,0,1,,82,,26756,4008,,26756,4008,yes,0,0,Mediterrainean port,domination,,,,,,
1/16/2021,USSR,Naval,AB,3.3,2,L,,7,3,4,0,0,0,,84,,25507,2754,,25507,2754,yes,0,0,Ireland Bay,domination,,,,,,
1/16/2021,USSR,Naval,AB,3.3,2,W,,7,7,3,0,0,0,,88,,37442,4970,,37442,4970,yes,0,0,North Port,domination,,,,,,
1/16/2021,USSR,Naval,AB,3.3,1,W,,7,5,2,0,0,1,,86,,53148,4610,,53148,4610,yes,0,0,north sea,domination,,,,,,
1/16/2021,USSR,Naval,AB,3.3,5,L,,3,4,1,0,0,1,,77,,7416,2077,,7416,1791,yes,0,16,South Kvarken,domination,,,,,,
1/16/2021,USSR,Naval,AB,3.3,2,W,,9,6,4,0,0,0,,86,,10963,4100,,10963,4100,yes,0,0,Fuego Islands,domination,,,,,,
1/17/2021,Japan,Ground,RB,2.0,10,W,,0,0,4,0,0,0,,67,,2612,1991,,2612,1991,yes,0,0,Eastern Europe,domination,,,,,,
1/17/2021,Japan,Ground,RB,2.0,9,L,,2,0,2,0,0,0,,69,,2810,884,,2810,884,yes,0,0,japan,domination,,,,,,
1/17/2021,Italy,Ground,RB,1.7,9,L,,2,0,4,0,0,0,,76,,3105,1518,,3105,1518,yes,0,0,Cargo Port,Domination,,,,,,
1/17/2021,Italy,Ground,RB,1.7,11,L,,2,0,2,0,0,0,,74,,3013,1604,,3013,1604,yes,0,0,Jungle,Domination,,,,,,
1/17/2021,Italy,Ground,RB,1.7,14,W,,0,2,1,0,0,0,,72,,2908,2437,,2908,2437,yes,0,0,Poland,Conquest #3,,,,,,
1/17/2021,Italy,Naval,AB,2.3,5,W,,3,3,3,0,0,0,,84,,18096,2017,,18096,2017,no,0,0,Norway,Domination,,,,,,
1/17/2021,Italy,Naval,AB,3.0,1,l,,6,1,4,0,0,0,,80,,14329,2691,,14329,2691,no,0,0,North Sea,Domination,,,,,,
1/17/2021,USA,Ground,RB,2.3,13,W,,1,0,3,0,0,0,,58,,4299,1742,,4299,1584,yes,0,10,Tunisia,Domination,,,,,,
1/17/2021,USA,Ground,RB,2.3,9,W,,1,1,2,0,0,1,,75,,7578,2658,,7578,2416,yes,0,10,Abandoned Factory,Domination,,,,,,
1/17/2021,USA,Ground,RB,2.3,8,w,,1,2,1,0,0,1,,81,,6191,1973,,6191,1794,yes,0,10,Eastern Europe,Domination,,,,,,
1/17/2021,USA,Ground,RB,2.3,3,L,,2,1,2,0,0,1,,90,,6621,2370,,6621,2155,yes,0,10,Tunisia,Domination,,,,,,
1/17/2021,USA,Ground,RB,2.3,12,W,,1,1,1,0,0,0,,71,,4344,2123,,4344,1930,yes,0,10,stalingrad,conquest #1,,,,,,
1/17/2021,USA,Ground,RB,2.3,14,W,,1,0,2,0,0,0,,71,,4951,1923,,4951,1748,yes,0,10,fields of normandy,conquest #2,,,,,,
1/17/2021,USSR,Naval,AB,3.3,1,W,,10,0,0,0,0,0,,85,,54470,4786,,54470,3988,yes,0,20,Aleutian Islands,Domination,,,,,,
1/18/2021,Germany,Air,AB,5.3,12,L,,0,0,1,0,0,0,,36,,2250,395,,2250,359,yes,0,10,Iron Range,Ground Strike,Very short.,,,,,
1/18/2021,Germany,Air,AB,5.3,4,L,,3,2,3,2,1.2,0,,80,,22259,2713,,22259,2466,yes,0,10,Graves Robbers Clifs,Ground Strike,,,,,,
1/18/2021,Germany,Air,AB,5.3,14,L,,0,0,1,1,0.56,0,,54,,3044,803,,3044,730,yes,0,10,Pacific Hidden Base,Ground Strike,,,,,,
1/18/2021,USSR,Naval,AB,3.3,8,W,,2,2,3,0,0,2,,68,,7690,3006,,7690,2733,no,0,10,Volcanic Island,Domination,,,,,,
1/18/2021,Sweden,Air,AB,4.0,2,L,,6,1,3,1,0,0,,86,,2128,2790,,2128,2536,yes,0,10,Foothills,Frontline,,,,,,
1/18/2021,Sweden,Air,AB,4.0,3,L,,3,3,1,1,0,0,,88,,8577,2123,,8577,1930,no,0,10,Alpine Meadows,Ground Strike,,,,,,
1/18/2021,Sweden,Air,AB,4.0,6,W,,3,0,1,3,0,0,,88,,11815,2264,,11815,2058,no,0,10,Berlin,Ground Strike,,,,,,
1/18/2021,Germany,Air,AB,5.3,1,L,,5,0,3,6,0,0,,90,,14647,2001,,14647,1819,yes,0,10,Guam,Ground Strike,,,,,,
1/18/2021,Germany,Air,AB,5.3,5,L,,4,1,2,0,0,0,,82,,10610,1803,,10610,1639,yes,0,10,Alpine Meadows,Ground Strike,,,,,,
1/18/2021,Germany,Ground,RB,3.0,4,L,,0,3,2,0,0,0,,83,,3762,1616,,3762,1469,yes,0,10,Poland,Conquest #2,,,,,,
1/18/2021,Germany,Ground,RB,3.0,4,L,,1,1,3,0,0,0,,88,,5074,2496,,5074,2080,yes,0,20,Kuban,Domination,,,,,,
1/18/2021,Germany,Ground,RB,3.0,,,,,,,,,,,,,,,,0,0,,,,TOTAL FAIL,,,,,,,
1/18/2021,Germany,Ground,RB,3.0,8,L,,1,2,1,0,0,0,,84,,7233,5235,,7233,1277,yes,0,310,Tunisia,Conquest #2,,,,,,
1/18/2021,USSR,Naval,AB,3.3,2,W,,6,1,3,0,0,0,,81,,22801,9114,,22801,2279,yes,0,300,South Kvarken,Domination,,,,,,
1/18/2021,USSR,Naval,AB,3.3,1,W,,8,5,1,0,0,0,,87,,28787,9580,,28787,2395,yes,0,300,Coral Islands,Domination,,,,,,
1/18/2021,USSR,Naval,AB,3.3,5,L,,0,1,1,0,0,1,,51,,-6124,1636,,-6124,409,yes,0,300,Ireland Bay,Domination,,,,,,
1/19/2021,Germany,Ground,RB,3.0,14,W,,0,1,0,0,0,0,,44,,4204,1254,,1401,1254,yes,200,0,Frozen Pass,Conquest #2,,,,,,
1/19/2021,Germany,Ground,RB,3.0,2,L,,1,2,3,0,0,0,,88,,11490,4097,,11490,1639,yes,0,150,Cargo Port,Conquest #3,,,,,,
1/19/2021,japan,Air,AB,4.0,7,L,,1,0,2,0,0,0,,79,,3042,560,,3042,224,yes,0,150,Foothills,Frontline,,,,,,
1/19/2021,UK,Air,AB,3.7,1,L,,5,3,3,0,0,0,,91,,7415,1698,,7415,1698,yes,0,0,Smolensk,Domination,,,,,,
1/19/2021,UK,Air,AB,3.7,5,W,,5,1,2,0,0,0,,85,,19310,3078,,19310,2798,yes,0,10,Abandoned Factory,Ground Strike,,,,,,
1/19/2021,UK,Air,AB,3.7,4,L,,1,0,2,0,0,0,,83,,-112,1417,,-112,354,yes,0,300,Peleliu,Domination,,,,,,
1/19/2021,UK,Air,AB,3.7,10,W,,1,0,4,3,0,0,,63,,8624,1814,,8624,1814,yes,0,0,Foothills,Frontline,,,,,,
1/19/2021,USSR,Naval,AB,3.3,1,W,,8,6,1,0,0,1,,86,,52385,5395,"Terror of the Ocean,On Hand",52385,4905,yes,0,10,Aleutian Islands,Domination,,,,,,
1/19/2021,USSR,Naval,AB,3.3,1,L,,6,1,2,0,0,0,,79,,10553,2661,Professionalx6,10553,2419,yes,0,10,South Kvarken,Domination,,,,,,
1/19/2021,USSR,Naval,AB,3.3,1,W,,5,2,0,0,0,2,,80,,46316,4424,Professionalx5,46316,4424,yes,0,0,Green Mountains Golf,Domination,,,,,,
1/19/2021,USSR,Naval,AB,3.3,2,W,,4,2,2,0,0,1,,77,,43513,2952,Terror of the Ocean,43513,2952,yes,0,0,African Gulf,Domination,,,,,,
1/19/2021,USSR,Naval,AB,3.3,4,L,,4,2,2,0,0,0,,74,,-1209,1430,,-1209,1430,yes,0,0,North Sea,Domination,,,,,,
1/19/2021,USSR,Naval,AB,3.3,8,W,,2,4,1,0,0,0,,56,,2293,2026,,2293,2026,yes,0,0,South Kvarken,Domination,,,,,,
1/19/2021,USSR,Naval,AB,3.3,2,W,,7,3,1,0,0,1,,89,,30633,2781,Professionalx7,30633,2528,yes,0,10,Ireland Bay,Domination,,,,,,
1/19/2021,USSR,Naval,AB,3.3,8,W,,1,3,0,0,0,0,,56,,12434,1704,,12434,1704,yes,0,0,African Gulf,Domination,,,,,,
1/20/2021,Japan,Air,AB,4.0,11,W,,2,2,2,0,0,0,,68,,9210,2160,,9210,2160,yes,0,0,Winter Stalingrad,domination,,,,,,
1/20/2021,Japan,Air,AB,4.0,6,L,,2,1,1,0,0,0,,74,,6422,1252,,6422,1252,yes,0,0,Sicily,Ground Strike,,,,,,
1/20/2021,Japan,Air,AB,4.0,7,W,,1,3,2,0,0,1,,84,,15455,2154,On Hand,15455,2154,yes,0,0,Zhengzhou,domination,,,,,,
1/20/2021,Japan,Air,AB,4.0,4,L,,3,0,1,0,0,0,,84,6:00,5695,1062,ShadowStrikex3,5695,1062,yes,0,0,Moscow,Ground Strike,,,,,,
1/20/2021,Japan,Air,AB,4.0,15,W,,2,1,3,0,0,0,,68,15:45,12900,2914,Rank Does Not Matter,12900,2914,yes,0,0,"Mountain Ridge, China",Frontline,,,,,,
1/20/2021,Japan,Air,AB,4.0,6,W,,5,9,4,0,0,0,,0,25:14,37474,5604,"Wingman, Teamwork, Professionalx5",37474,5604,yes,0,0,Foothills,Frontline,,,,,,
1/20/2021,USSR,Naval,AB,3.3,4,W,,5,2,0,0,0,0,,70,14:54,32644,3654,"Teamworkx2, Professionalx5",32644,3654,yes,0,0,Green Mountains Golf,Domination,,,,,,
1/20/2021,USSR,Naval,AB,3.3,2,W,,3,6,0,0,0,0,,79,10:57,79147,2702,"On Hand, Teamworkx2,",19787,2702,yes,300,0,North Port,Domination,,,,,,
1/20/2021,USSR,Naval,AB,3.3,6,W,,5,2,3,0,0,0,,71,12:08,82644,2988,,20661,2988,yes,300,0,Ireland Bay,Domination,,,,,,
1/20/2021,USSR,Naval,AB,3.3,3,W,,6,3,1,0,0,0,,82,15:11,89830,4262,,22458,4262,yes,300,0,South Kvarken,Domination,,,,,,
1/20/2021,USA,Ground,RB,3.3,,L,,,,,,,,,,,10158,1310,n/a,2540,1310,yes,300,0,Jungle,Domination,,,,,,
1/20/2021,USA,Ground,RB,3.3,12,W,,1,0,3,0,0,0,,,16:36,26853,2530,n/a,6713,2530,yes,300,0,Frozen Pass,Domination,,,,,,
1/20/2021,UK,Air,AB,3.7,10,W,,2,1,2,0,0,0,,73,9:04,8387,2006,"Rank Does not Matter, Balancer",8387,2006,yes,0,0,Ireland Bay,Ground Strike,,,,,,
1/21/2021,UK,Air,AB,3.7,8,W,,5,0,3,0,0,0,,80,12:00,17644,3100,,13572,3100,yes,30,0,Wake Island,Ground Strike,,,,,,
1/21/2021,UK,Air,AB,3.7,2,L,,6,4,2,0,0,1,,89,14:34,21252,2996,"Professionalx6,Fighter Rescuerx3,Bomber Rescuerx1",16348,2996,yes,30,0,Khalkin Gol,Domination,,,,,,
1/21/2021,Germany,Air,AB,5.3,12,W,,2,1,1,0,0,0,,50,12:22,9976,2136,,7674,2136,yes,30,0,"Mountain Ridge, China",Ground Strike,,,,,,
1/21/2021,Germany,Air,AB,5.3,5,W,,4,1,3,3,0,0,,82,12:49,22977,3518,n/a,17675,3518,yes,30,0,Foothills,Frontline,,,,,,
1/21/2021,Germany,Air,AB,5.3,5,L,,0,3,1,2,0,0,,80,7:56,7167,8626,On Hand,5119,8626,yes,40,0,Alpine Meadows,Ground Strike,,,,,,
1/21/2021,Germany,Air,AB,5.3,7,L,,2,0,1,0,0,0,,59,9:27,5619,1178,"Fighter Rescuer,Avenger",4322,1178,yes,30,0,"Mountain Ridge, China",Frontline,,,,,,
1/21/2021,Germany,Air,AB,5.3,1,L,,6,3,2,1,0,0,,87,11:57,17571,2790,"Fighter Rescuer,Avengerx3,Professionalx6,RankDoesNotMatter,",13516,2790,yes,30,0,Sicily,Domination,,,,,,
1/21/2021,Germany,Air,AB,5.3,3,W,,7,1,3,2,0,0,,86,17:04,49382,4738,"Skill Matters,Rank Does Not Matter,Fighter Rescuer, Bomber Rescuer,Professionalx7",35273,4738,yes,40,0,"Canyon, Africa",Frontline,,,,,,
1/21/2021,Germany,Air,AB,5.3,7,W,,4,0,1,0,0,0,,71,12:30,18645,3096,RankDoesNotMatter,14342,3096,yes,30,0,"Canyon, Africa",Ground Strike,,,,,,
1/21/2021,France,Air,AB,4.0,9,W,,4,0,4,2,0,0,,74,12:17,19197,3306,n/a,19197,3306,yes,0,0,Abandoned Factory,Ground Strike,,,,,,
1/21/2021,France,Air,AB,3.3,8,L,,3,2,2,0,0,0,,74,13:43,9297,1996,,9297,1996,yes,0,0,Graves Robbers Clifs,Ground Strike,,,,,,
1/22/2021,Japan,Air,AB,4.3,5,L,,3,2,3,0,0,0,,81,13:23,1395,2250,,1395,2250,yes,0,0,Ireland,Ground Strike,,,,,,
1/22/2021,Japan,Air,AB,4.3,8,L,,1,1,1,1,0,0,,77,6:58,6604,1000,n/a,6604,1000,yes,0,0,Graves Robbers Clifs,Ground Strike,,,,,,
1/22/2021,Japan,Air,AB,4.3,13,L,,0,3,3,0,0,0,,65,13:27,6309,1502,n/a,6309,1502,yes,0,0,Foothills,Frontline,,,,,,
1/22/2021,UK,Air,AB,4,4,L,,4,3,3,0,0,0,,80,11:33,9510,1984,n/a,9510,1984,yes,0,0,Alpine Meadows,Ground Strike,,,,,,
1/22/2021,UK,Air,AB,4.0,13,W,,2,2,2,0,0,0,,64,11:46,12415,2482,n/a,12415,2482,yes,0,0,"Canyon, Africa",Frontline,,,,,,
1/22/2021,UK,Air,AB,4.0,5,W,,5,4,4,0,0,0,,87,25:00,29359,5588,n/a,29359,5588,yes,0,0,"Canyon, Africa",Frontline,,,,,,
1/22/2021,China,Air,AB,3.7,8,W,,1,3,3,3,0,0,,84,10:55,12635,2372,n/a,12635,2372,yes,0,0,"Mountain Ridge, China",Frontline,,,,,,
1/22/2021,China,Air,AB,3.7,7,W,,2,4,2,0,0,0,,77,10:24,10359,2244,Fighter Rescuer,10359,2244,yes,0,0,Britain,Domination,,,,,,
1/22/2021,China,Air,AB,4.0,3,W,,4,3,1,1,0,0,,87,8:49,20980,3058,"Fighter Rescuer,Supporting Fire,",20980,3058,yes,0,0,Guam,Ground Strike,,,,,,
1/22/2021,China,Air,AB,4.0,7,W,,2,0,1,0,0,0,,80,7:09,11759,1692,?,11759,1692,yes,0,0,Graves Robbers Clifs,Ground Strike,,,,,,
1/22/2021,China,Air,AB,4.0,9,L,,2,3,2,0,0,0,,72,12:34,3967,2795,?,3967,1118,yes,0,150,"Canyon, Africa",Frontline,,,,,,
1/22/2021,China,Air,AB,4.0,7,L,,2,3,2,0,0,0,,75,11:23,5452,1802,Fighter Rescuer,5452,1802,yes,0,0,Alpine Meadows,Ground Strike,,,,,,
1/22/2021,China,Air,AB,4.0,2,L,,2,4,1,5,0,0,,93,9:16,8309,1696,n/a,8309,1696,yes,0,0,Sicily,Ground Strike,,,,,,
1/23/2021,UK,Ground,RB,2.7,7,L,,2,1,1,0,0,0,,83,14:13,11107,3562,"Adamant,Teamwork,TankRescuer",11107,3562,yes,0,0,Port Novorosiykk,Domination,,,,,,
1/23/2021,UK,Ground,RB,2.7,8,W,,1,2,0,0,0,0,,80,10:07,12340,4953,n/a,12340,4953,yes,0,0,Ungle,Battle,,,,,,
1/23/2021,US,Ground,RB,3.7,11,L,,0,0,1,0,0,0,,56,10:02,1137,1195,n/a,1137,1195,yes ,0,0,Advance to the Rhine,Conquest #1,,,,,,
1/23/2021,US,Ground,RB,3.7,8,L,,2,1,3,0,0,0,,82,14:59,6014,2240,n/a,6014,2240,yes,0,0,Ash River,Conquest #1,,,,,,
1/23/2021,US,Ground,RB,3.7,5,W,,4,3,1,0,0,0,,85,15:44,26762,6449,"Avenger,intellifence,Tank Rescuer,Supporting Fire",26762,6449,yes,0,0,Port Novorosiykk,Conquest #1,,,,,,
1/23/2021,UK,Ground,RB,2.7,8,L,,2,0,4,0,0,1,,85,18:16,8912,3172,"Tank Rescuer,Adamant",8912,3172,yes,0,0,Advance to the Rhine,Domination,,,,,,
1/23/2021,France,Ground,RB,2.3,13,W,,0,1,0,0,0,1,,67,10:36,6350,2064,n/a,6350,2064,yes,0,0,White Rock Fortress,Domination,,,,,,
1/23/2021,France,Ground,RB,2.3,10,L,,1,0,2,0,0,0,,69,10:33,8219,1244,n/a,8219,1244,yes,0,0,stalingrad,Conquest #1,,,,,,
1/23/2021,Italy,Ground,RB,2.3,13,L,,0,0,2,0,0,0,,65,13:34,1916,1080,n/a,1916,1080,yes,0,0,Eastern Europe,Battle,,,,,,
1/23/2021,Italy,Ground,RB,2.3,11,L,,2,0,2,0,0,0,,72,17:59,3488,1534,n/a,3488,1534,yes,0,0,Carpathians,Conquest #2,,,,,,
1/23/2021,Italy,Ground,RB,2.3,4,L,,3,2,3,0,0,0,,83,11:45,5077,1874,n/a,5077,1874,yes,0,0,Kuban ,Domination,,,,,,
1/23/2021,Italy,Ground,RB,2.3,16,W,,0,0,3,0,0,0,,57,11:55,2901,1702,n/a,2901,1702,yes,0,0,Karelia,Domination,,,,,,
1/23/2021,Japan,Air,AB,4.3,7,L,,2,3,4,0,0,0,,77,10:35,10314,1698,n/a,7934,1698,yes,30,0,Pacific Hidden Base,Ground Strike,,,,,,
1/20/2021,USSR,Naval,AB,3.3,7,W,,2,4,2,0,0,1,,66,23:09,5484,2856,n/a,4218,2856,no,30,0,Green Mountains Golf,Domination,,,,,,
1/23/2021,Japan,Air,AB,4.3,9,W,,1,3,0,1,0,0,,87,5:42,10639,1560,"Balancer,RankDoesNotMatter,Teamwork",8184,1560,yes,30,0,Oahu,Ground Strike,,,,,,
1/23/2021,Japan,Air,AB,4.3,11,L,,1,2,3,0,0,1,,72,11:18,10843,1586,"SupportinFire,Teamwork,FighterRescuer",8341,1586,yes,30,0,Sicily,Domination,,,,,,
1/23/2021,China,Air,AB,4.0,6,W,,8,2,3,3,0,0,,89,19:19,44564,5954,"SupportingFire,FighterRescuer,BomberRescuer,Teamwork,Avenger,FirstStrike",34280,5954,yes,30,0,"Canyon, Africa",Frontline,,,,,,
1/23/2021,China,Air,AB,4.0,2,W,,6,6,2,0,0,1,,91,13:08,30365,4668,"RankDoesNotMatter,SupportingFirex2,Teamworkx2,FighterRescuer,Bomberrescuer,Avenger,Professesional",30365,4668,yes,0,0,Korsun,Domination,,,,,,
1/24/2021,USSR,Naval,AB,3.3,4,L,,5,1,5,0,0,1,,82,20:57,-2492,2100,"WaterTroopsRescuer,FirstStrike",-2492,2100,yes,0,0,North Port,Domination,,,,,,
1/24/2021,USSR,Naval,AB,3.3,1,L,,8,4,2,0,0,0,,87,12:39,21739,2904,"Avenger,BaseDefender,DoubleStrike,ShipRescuer,Professional,TerrorOfTheOcean",21739,2904,yes,0,0,Mediterrainean port,Domination,,,,,,
1/24/2021,USSR,Naval,AB,3.3,2,W,,8,7,1,0,0,0,,87,16:19,39125,4774,"Avenger,BaseDefender,ShipRescuerx7,Professionalx8,SupportingFire,OnHand",39125,4774,yes,0,0,African Gulf,Domination,,,,,,
1/24/2021,USSR,Naval,AB,3.3,2,W,,8,1,0,0,0,1,,82,11:22,64132,4458,"FirstStrike,Avenger,ShipRescuerx6,Professionalx8,Survivor,TerrorOfTheOcean",64132,4458,yes,0,0,Andaman Sea,Domination,Kinda awesome,,,,,
1/24/2021,USSR,Naval,AB,3.3,3,W,,6,0,0,0,0,0,,72,11:49,33552,3192,"ShipRescuerx3,Professionalx2",33552,3192,yes,0,0,Fiji,Domination,,,,,,
1/24/2021,USSR,Naval,AB,3.3,8,W,,3,1,1,0,0,0,,57,12:17,10387,2270,n/a,10387,2270,yes,0,0,African Gulf,Domination,,,,,,
1/24/2021,USSR,Naval,AB,3.3,7,W,,3,1,3,0,0,0,,65,14:08,7439,1944,"Avenger,RankDoesNotmatter",1944,1944,yes,0,0,Coral Islands,Domination,,,,,,
1/24/2021,USSR,Naval,AB,3.3,4,W,,4,9,0,0,0,0,,75,10:59,42154,3120,"SupportingFire,ShipRescuser,Wingman",42154,3120,yes,0,0,Coral Islands,Domination,,,,,,
1/24/2021,USSR,Naval,AB,3.3,11,W,,1,2,0,0,0,0,,44,10:48,15274,1588,ShipRescuer,15274,1588,yes,0,0,Fuego Islands,Domination,fucking destroyers,,,,,
1/24/2021,USSR,Naval,AB,3.3,2,L,,7,7,3,0,0,0,,86,15:13,11606,2572,"Avenger,RankDoesNotmatter,ShipRescuer,Professional,TerrorOfTheOcean,Onhand",11606,2572,yes,0,0,Mediterrainean port,Domination,fucking destroyers,,,,,
1/24/2021,USSR,Naval,AB,3.3,7,W,,3,0,2,0,0,0,,60,11:12,10483,1980,"ShipRescuer,Teamwork,BomberRescuer",10483,1980,yes,0,0,Arabian Sea,Domination,,,,,,
1/24/2021,USSR,Naval,AB,3.3,3,W,,10,3,1,0,0,1,,88,19:25,45805,5792,"BomberRescuer,Avenger,FighterRescuer,ShipRescuer,SupportingFire,Professional",45805,5792,yes,0,0,South Kvarken,Domination,,,,,,
1/24/2021,USSR,Naval,AB,3.3,4,L,,4,6,4,0,0,0,,82,16:57,7407,2500,"FighterRescure,Avenger,SupportinFire",7407,2500,yes,0,0,Mediterrainean port,Domination,fucking destroyers,,,,,
1/24/2021,USSR,Naval,AB,3.3,3,W,,5,2,2,0,0,0,,71,12:43,8146,2584,"Avenger,BaseDefender,Professional",8146,2584,yes,0,0,Mediterrainean port,Domination,,,,,,
1/24/2021,Italy,Ground,RB,2.3,7,L,,2,2,4,0,0,1,,85,17:27,11682,2605,n/a,11682,2605,yes,0,0,Tunisia,Domination,,,,,,
1/24/2021,Italy,Ground,RB,2.3,10,L,,0,1,3,0,0,0,,77,10:52,604,982,n/a,604,982,yes,0,0,Carto port,Domination,,,,,,
1/24/2021,UK,Ground,RB,2.3,4,W,,2,2,1,0,0,0,,86,12:18,16167,5318,"Adamant,TankRescuer",16167,5318,yes,0,0,Carpathians,Conquest #2,,,,,,
1/24/2021,France,Ground,RB,2.3,5,L,,3,0,3,0,0,0,,80,14:11,5300,1610,Adamant,5300,1610,yes,0,0,Sweden,Domination,,,,,,
1/24/2021,France,Ground,RB,2.3,13,L,,0,0,2,0,0,0,,62,6:54,766,396,n/a,766,396,yes,0,0,Poland,Domination,,,,,,
1/24/2021,France,Ground,RB,2.3,11,W,,0,1,1,0,0,0,,66,15:40,4613,2532,na,4613,2532,yes,0,0,fields of normandy,Domination,,,,,,
1/24/2021,France,Ground,RB,2.3,9,W,,4,3,4,0,0,0,,90,24:06,20975,4964,GroundForceRescuer,4964,4964,yes,0,0,Japan,Domination,,,,,,
1/24/2021,UK,Ground,RB,3.3,14,W,,2,0,1,0,0,0,,76,10:01,6351,1681,na,6351,1528,yes,0,10,Advance to the Rhine,Domination,,,,,,
1/24/2021,UK,Ground,RB,3.3,murdered,L,,0,0,3,0,0,0,,75,9:11,2271,756,n/a,2271,756,yes,0,0,Normandy,Domination,,,,,,
1/24/2021,UK,Ground,RB,3.3,7,L,,1,3,2,0,0,1,,88,13:58,16581,2316,Adamant,16581,2316,yes,0,0,Advance to the Rhine,Domination,,,,,,
1/24/2021,UK,Ground,RB,3.3,9,W,,1,1,2,0,0,1,,75,11:55,8014,3491,"Adamant,Avenger",8014,3491,yes,0,0,Kuban,Domination,,,,,,
1/24/2021,USSR,Naval,AB,3.3,4,W,,0,3,3,0,0,3,,68,15:10,5479,2932,BaseCapturerStreakx2,5479,2932,yes,0,0,Black Sea Port,Domination,,,,,,
1/24/2021,USSR,Naval,AB,3.3,2,W,,5,2,2,0,0,2,,77,16:44,31932,4119,"BaseCapturerStreak,RankDoesNotMatter,ShipRescuer,Professional,Balancer",31932,3582,yes,0,15,Green Mountains Golf,Domination,,,,,,
1/24/2021,Germany,Air,AB,3.7,10,W,,2,3,4,4,0,0,,74,13:22,17839,3214,"BomberRescuer,Avenger,GroundForceRescuer,Antimech",16217,2795,no,10,15,Sicily,Domination,,,,,,
1/24/2021,Germany,Air,AB,3.7,9,W,,1,1,2,7,0,0,,70,12:01,16530,2970,FighterRescuer,16530,2376,yes,0,25,Pacific Hidden Base,Ground Strike,,,,,,
1/24/2021,Germany,Air,AB,3.7,3,L,,7,0,3,1,0,1,,87,9:55,14293,2513,Professiionalx7,14293,2185,yes,0,15,Denmark,Domination,,,,,,
1/25/2021,USSR,Air,AB,4.0,7,L,,1,3,2,0,0,0,,74,10:16,5284,1455,n/a,4804,1265,yes,10,15,Top of the World,Ground Strike,,,,,,
1/25/2021,China,Air,AB,4.3,8,L,,6,1,2,2,0,0,,84,12:11,13321,2505,"Avenger,ShadowStrike,FighterRescuer,GroundForceRescuer,Professional",13321,2178,yes,0,15,Vietnam,Domination,,,,,,
1/25/2021,Italy,Air,AB,3.3,7,W,,6,2,2,0,0,0,,91,9:09,25430,3183,"GroundForceRescuer,FighterRescure,BomberRescuer,Avenger,Professional",25430,2768,no,0,15,Britain,Domination,,,,,,
1/25/2021,USA,Air,AB,4.0,5,L,,2,0,2,6,0,0,,81,7:39,12063,1425,FighterRescuer,12063,1239,yes,0,15,"Canyon, Africa",Ground Strike,,,,,,
1/25/2021,USA,Air,AB,4.0,6,W,,2,2,2,4,0,0,,81,8:47,17215,2400,GroundForceRescuer,17215,2087,no,0,15,Rice Terraces,Ground Strike,,,,,,
1/25/2021,USA,Air,AB,4.0,4,W,,2,0,2,6,0,0,,84,9:04,18437,2741,GroundForceRescuer,18437,2492,yes,0,10,Fjords,Ground Strike,,,,,,
1/25/2021,USA,Air,AB,4.0,12,L,,2,0,2,9,0,0,,82,,9734,1496,unknown,9734,1496,yes,0,0,Guam,Ground Strike,,,,,,
1/25/2021,USA,Air,AB,4.0,1,L,,4,1,3,9,0,0,,96,,14844,2144,unknown,14844,2144,yes,0,0,Sicily,Ground Strike,,,,,,
1/25/2021,USA,Air,AB,4.0,9,W,,0,0,2,13,0,0,,85,,14362,1642,unknown,14362,1642,yes,0,0,Moscow,Ground Strike,,,,,,
1/25/2021,USA,Air,AB,4.0,6,W,,1,2,3,11,0,0,,86,,18027,2842,unknown,18027,2842,yes,0,0,Wake Island,Ground Strike,,,,,,
1/25/2021,Swedish,Ground,RB,2.3,7,W,,2,2,2,0,0,1,,82,,9244,2956,unknown,9244,2956,yes,0,0,Sweden,Domination,,,,,,
1/25/2021,Swedish,Ground,RB,2.3,12,L,,0,1,4,0,0,0,,74,,3249,1288,unknown,3249,1288,yes,0,0,Ash River,Domination,,,,,,
1/25/2021,Swedish,Ground,RB,2.3,15,W,,0,1,2,0,0,0,,67,,4223,1478,unknown,4223,1478,yes,0,0,Sinai,Domination,,,,,,
1/25/2021,Swedish,Ground,RB,2.3,9,W,,2,2,2,0,0,0,,84,,5911,2218,unknown,5911,2218,yes,0,0,Sinai,Domination,,,,,,
1/25/2021,USA,Ground,RB,3.7,5,L,,2,1,1,0,0,0,,82,,10771,1922,unknown,10771,1922,yes,0,0,Advance to the Rhine,Domination,,,,,,
1/25/2021,USA,Ground,RB,4.0,13,L,,0,1,3,0,0,0,,72,,2175,948,unknown,2175,948,yes,0,0,Karelia,Conquest #3,,,,,,
1/25/2021,USA,Ground,RB,4.0,8,L,,2,0,2,0,0,0,,77,,7433,1720,unknown,7433,1720,yes,0,0,Ardennes,Domination,,,,,,
1/25/2021,USA,Ground,RB,4.0,12,W,,2,1,1,0,0,0,,77,,15412,4006,unknown,15412,4006,yes,0,0,Berlin,Domination,,,,,,
1/25/2021,Sweden,Air,AB,4.0,4,W,,3,2,1,0,0,0,,87,,25251,2342,FighterRescuer,10100,2342,no,150,0,Coast of France,Ground Strike,,,,,,
1/25/2021,France,Air,AB,3.3,7,W,,1,3,3,0,0,2,,88,,19787,2750,BaseCapturerStreak,19787,2750,yes,0,0,Smolensk,Domination,,,,,,
1/25/2021,Italy,Air,AB,4.3,7,W,,1,4,2,0,0,0,,76,,13523,2893,n/a,13523,2893,no,0,0,"Canyon, Africa",Front Line,,,,,,
1/25/2021,USA,Air,AB,4.0,2,W,,12,1,3,0,0,0,,92,,48083,5902,"Avenger,SupportingFire,FighterRescuer,Professional,HeroOfTheSky",48083,5902,no,0,0,Malta,Air Domination,,,,,,
1/25/2021,USA,Air,AB,4.0,4,W,,3,4,0,0,0,0,,94,,11627,2376,ShadowStrike,11627,2376,no,0,0,Mozdok,Ground Strike,,,,,,
1/25/2021,USA,Air,AB,4.0,2,L,,5,8,4,0,0,0,,91,,11533,2762,"FighterRescure,OnHand",11533,2762,no,0,0,Deserted Coast,Ground Strike,,,,,,
1/25/2021,USA,Naval,AB,2.3,1,L,,11,5,2,0,0,0,,96,,16223,2580,"WaterTroopsRescuer,BomberRescuer,ShipRescuer,OnHand",16223,2580,no,0,0,Arabian Sea,Battle,,,,,,
1/25/2021,USA,Naval,AB,2.3,1,L,,11,2,3,0,0,1,,96,,14442,2762,unknown,14442,2762,no,0,0,Ireland Bay,,,,,,,
1/25/2021,USA,Naval,AB,2.3,5,L,,3,2,3,0,0,0,,80,,2913,998,unknown,2913,998,no,0,0,Mediterranean port,,,,,,,
1/26/2021,Japan,Ground,RB,2.3,12,W,,1,0,1,0,0,0,,58,15:08,4187,2012,ShipRescuer,4187,2012,yes,0,0,Poland,Domination,,,,,,
1/26/2021,USA,Air,AB,4.0,2,L,,5,0,1,0,0,0,,90,6:40,11829,1870,"FighterRescuer,GroundForceRescuer,Avenger,Professional,TerrorOfTheSky",11829,1870,no,0,0,Poland,Ground Strike,,,,,on and on,5/100
1/26/2021,Germany,Air,AB,5.3,6,L,,1,1,1,1,0,0,,79,6:18,4240,750,"FighterRescuer,GroundForcerescuer,Avenger",4240,750,yes,0,0,Graves Robbers Clifs,Ground Strike,,,,,on and on,1/100
1/26/2021,USSR,Air,AB,4.0,10,L,,1,1,2,0,0,0,,68,8:17,6126,1188,"SupportingFire,BomerRescuer",6126,1188,yes,0,0,Zhengzhou,Domination,,,,,on and on,1/100
1/26/2021,USSR,Air,AB,4.0,7,W,,4,0,1,0,0,0,,79,9:18,12470,2480,n/a,12470,2480,yes,0,0,Khalkin Gol,domination,,,,,on and on,4/100
1/26/2021,USSR,Air,AB,4.0,4,L,,5,0,0,0,0,0,,80,11:57,12986,2136,"FighterRescuer,Avenger,GroundForceRescuer,Professional",12986,2136,yes,0,0,Spain,Ground Strike,,,,,on and on,5/100
1/26/2021,USSR,Air,AB,4.0,7,W,,4,0,1,0,0,0,,73,12:36,15834,3629,RankDoesNotMatter,15834,3128,yes,0,16,"African Island, Crater",Ground Strike,,,,,on and on,4/100
1/26/2021,USSR,Air,AB,4.0,4,L,,3,2,2,0,0,0,,78,10:46,9079,1844,"fighterRescuer,GroundForceRescuer",9079,1844,yes,0,0,Alpine Meadows,Ground Strike,,,,,on and on,3/100
1/26/2021,USSR,Air,AB,4.0,14,W,,2,1,0,0,0,0,,59,12:14,12198,2314,"GroundForceRescuer,RanksDoesNotMatter,FighterRescuer,Avenger",12198,2104,yes,0,10,Graves Robbers Clifs,Ground Strike,,,,,on and on,2/100
1/26/2021,China,Air,AB,4.0,5,L,,3,1,2,1,0,0,,79,9:32,9961,1562,n/a,9961,1562,yes,0,0,Ireland,Ground Strike,,,,,on and on,3/100
1/26/2021,Italy,Air,AB,4.3,12,L,,0,4,3,0,0,0,,77,9:36,7540,1234,unknown,7540,1234,yes,0,0,Foothills,Frontline,,,,,on and on,0/100
1/26/2021,France,Air,AB,3.3,2,L,,2,1,3,0,0,1,,89,6:41,3388,1214,unknown,3388,1214,yes,0,0,Sicily,Domination,,,,,on and on,2/100
1/26/2021,Sweden,Air,AB,4.0,4,W,,7,5,3,0,0,0,,94,9:47,20079,4270,"Avenger,FighterRescuer,Teamwork,Profressional",20079,4270,no,0,0,Kuban,Domination,,,,,on and on,7/100
1/26/2021,Sweden,Air,AB,4.0,2,W,,5,2,3,0,0,0,,84,11:10,14415,4086,"Avenger,SupportingFire,FighterRescuer,Professional,Teamwork",14415,4086,no,0,0,Alpine Meadows,Ground Strike,,,,,on and on,5/100
1/26/2021,Sweden,Air,AB,4.0,2,W,,9,0,0,0,0,0,,95,7:41,43605,3720,"BomberRescuer,FighterRescuer,WaterRescuer,GroundForceRescuer,Professional,Survivor,TerrorOfThesky",39641,3720,no,10,0,stalingrad,Domination,,,,,on and on,9/100
1/26/2021,Sweden,Air,AB,4.0,3,W,,5,5,3,0,0,1,,88,13:00,7322,3526,"FighterRescuer,Avenger,Professional,SupportingFire,teamwork,onhand",7322,3526,no,0,0,Khalkin Gol,Domination,,,,,on and on,5/100
1/26/2021,Sweden,Air,AB,4.0,9,W,,4,0,1,0,0,0,,77,9:05,13834,2404,"BomberRescuer,Avenger",13834,2404,no,0,0,Zhengzhou,Domination,,,,,on and on,4/100
1/27/2021,Sweden,Air,AB,4.0,7,W,,3,0,0,0,0,0,,89,5:09,12007,1731,"Avenger,FighterRescuer",12007,1731,no,0,0,Oahu,Ground Strike,,,,,on and on,3/100
1/27/2021,Sweden,Air,AB,4.0,4,L,,3,2,2,0,0,0,,85,10:16,1560,2056,"Avenger,FighterRescuer",1560,2056,no,0,0,Greece,Ground Strike,,,,,on and on,3/100
1/27/2021,Sweden,Air,AB,4.0,7,L,,2,0,3,0,0,0,,77,7:32,-11780,1126,RankDoesNotMatter,-10709,1024,no,10,10,Zhengzhou,Domination,,,,,on and on,2/100
1/27/2021,Sweden,Air,AB,4.0,2,W,,6,2,2,0,0,0,,95,8:52,27626,3938,"RankdoesNotMatter,Teamwork,WaterRescuer,FighterRescuer,GroundRescuer,Avenger,Professional,",25115,3938,no,10,0,Coast of France,Ground Strike,,,,,on and on,6/100
1/27/2021,Sweden,Air,AB,4.0,4,L,,6,0,1,0,0,0,,85,10:41,15959,2480,"FighterRescuer,Avenger,GroundForceRescuer,Professional",15959,2480,no,0,0,Alpine Meadows,Ground Strike,,,,,on and on,6/100
1/27/2021,USSR,Naval,AB,3.3,5,L,,3,2,4,0,0,0,,69,18:09,-2221,1606,Shiprescuer,-2221,1606,yes,0,0,Feugo Islands,Domination,,,,,Sea Battle,0/2
1/27/2021,USSR,Naval,AB,3.3,2,W,,5,3,2,0,0,0,,80,17:01,18728,3848,"Shiprescuer,WaterTroopsRescuer,Avenger,Professional",18728,3848,yes,0,0,African Gulf,Domination,,,,,Sea Battle,0/2
1/27/2021,USSR,Naval,AB,3.3,2,W,,5,2,0,0,0,0,,78,10:48,33073,3374,"ShipRescuer,Professional",33073,3374,yes,0,0,Ireland Bay,Domination,,,,,Sea Battle,0/2
1/27/2021,USSR,Naval,AB,3.3,6,W,,2,2,0,0,0,0,662,60,10:39,15176,2054,"ShipRescuer,Avenger",15176,2054,yes,0,0,Fiji,Domination,,,,,Sea Battle,0/2
1/27/2021,USSR,Naval,AB,3.3,4,W,,6,2,2,0,0,0,1842,80,15:53,20229,3914,"FighterRescuer,ShipRescuer,Professional",20229,3914,yes,0,0,Japanese Port,Domination,,,,,Sea Battle,0/2
1/27/2021,USSR,Naval,AB,3.3,1,W,,9,9,3,0,0,1,3238,91,17:04,66207,7264,"ShipRescuer,BomberRescuer,WaterTroops,SupportingFire,Teamwork,Avenger,Professional,Wingman,BestSquad",66207,6604,yes,0,10,Ireland Bay,Domination,,,,,Teamwork,1/4
1/27/2021,USSR,Naval,AB,3.3,1,L,,4,6,3,0,0,0,1808,80,13:40,14655,3506,"ShipRescuer,OnHand",14655,3187,yes,0,10,African Gulf,Domination,,,,,Teamwork,0/4
1/27/2021,USSR,Naval,AB,3.3,1,W,,5,5,0,0,0,1,1767,82,11:12,55938,7062,"ShipRescuer,Avenger,Professional,Survivor,TerrorOfTheOcean",55938,6420,yes,0,10,Volcanic Island,Domination,,,,,Teamwork,0/4
1/27/2021,USSR,Naval,AB,3.3,4,W,,2,5,2,0,0,1,1218,71,15:48,28757,5239,"SupportingFire,TeamworkBestSquad",28757,4763,yes,0,10,Fuego Islands,Domination,,,,,Teamwork,1/4
1/27/2021,USSR,Naval,AB,3.3,2,L,,2,3,2,0,0,0,882,71,9:46,15975,2411,"SupportingFire,BestSquad,OnHand",15975,2192,yes,0,10,African Gulf,Domination,,,,,Teamwork,1/4
1/27/2021,USSR,Naval,AB,3.3,2,L,,5,1,2,0,0,2,1479,75,14:49,22751,3664,"Avenger,RankDoesNotMatter,BaseCapturerStreak,ShipRescuer,Professional",22751,3331,yes,0,10,African Gulf,Domination,,,,,Teamwork,0/4
1/27/2021,USSR,Naval,AB,3.3,4,W,,4,4,0,0,0,2,1490,76,14:33,7890,2461,"Teamwork,ShipRescuer,SupportingFire,BomberRescuer,BestSquad",7890,2237,yes,0,10,Mediterranean port,Domination,,,,,Teamwork,1/4
1/27/2021,USSR,Naval,AB,3.3,1,W,,5,7,3,0,0,1,2034,82,17:52,44979,7816,"SupportingFire,Teamwork,ShipRescuer,Avenger,Professional,BestSquad,OnHand",44979,7105,yes,0,10,Volcanic Island,Domination,,,,,Teamwork,1/4
1/28/2021,Italy,Ground,RB,2.3,6,L,,1,2,1,0,0,0,1009,81,10:24,8642,2130,GroundForcerescuer,8642,1936,yes,0,10,Abandoned Factory,Domination,,,,,,
1/28/2021,Italy,Ground,RB,2.3,10,L,,3,0,4,0,0,0,1027,76,15:54,2354,1598,n/a,2354,1453,yes,0,10,Frozen Pass,Conquest #2,,,,,,
1/28/2021,Italy,Ground,RB,2.3,5,L,,3,1,2,0,0,0,1121,83,13:40,9349,1958,"Adamant,Avenger,RankDoesNotMatter",9349,1780,yes,0,10,Port Novorosiykk,Domination,,,,,,
1/28/2021,Italy,Ground,RB,2.3,8,L,,1,0,4,0,0,0,959,83,12:12,1655,1272,n/a,1655,1156,yes,0,10,Poland,Domination,,,,,,
1/28/2021,Italy,Ground,RB,2.3,7,L,,0,2,3,0,0,0,623,93,8:20,572,853,n/a,572,775,yes,0,10,Frozen Pass,Domination,,,,,,
1/28/2021,Italy,Ground,RB,2.3,7,L,,0,1,2,0,0,0,642,87,7:53,777,877,n/a,777,797,yes,0,10,Karelia,Battle,,,,,,
1/28/2021,Italy,Ground,RB,2.3,9,L,,2,0,1,0,0,1,899,73,14:17,4204,1806,n/a,4204,1642,yes,0,10,Japan,Domination,,,,,,
1/28/2021,France,Ground,RB,2.3,14,W,,1,1,0,0,0,0,511,66,9:58,4461,1961,Tank Rescuer,4461,1783,yes,0,10,Japan,Domination,,,,,,
1/28/2021,France,Ground,RB,2.3,14,W,,1,0,0,0,0,0,410,57,10:58,4689,1822,"TankRescuer,Teamwork",4689,1656,yes,0,10,Japan,Conquest #1,,,,,,
1/28/2021,France,Ground,RB,2.3,13,W,,1,0,0,0,0,0,419,60,10:11,4984,1628,Teamwork,4984,1628,yes,0,0,Cargo Port,Conquest #3,,,,,,
1/28/2021,France,Ground,RB,2.3,9,W,,2,1,1,0,0,0,1157,81,12:51,7115,2724,Adamant,7115,2724,yes,0,0,fields of normandy,Domination,,,,,,
1/28/2021,France,Ground,RB,2.3,14,W,,0,1,1,0,0,0,271,44,11:58,8,1356,n/a,8,1356,yes,0,0,Eastern Europe,Battle,,,,,,
1/28/2021,China,Ground,RB,2.3,12,W,,2,1,1,0,0,0,768,78,9:29,6871,2054,TankRescuer,6871,2054,yes,0,0,Port Novorosiykk,Domination,,,,,,
1/28/2021,China,Ground,RB,2.3,7,L,,1,0,3,0,0,0,562,89,8:41,2098,857,AccordingToIntelligence,2098,779,yes,0,10,Ash River,Conquest #3,Big memorizer map. Fuck it,,,,,
1/28/2021,China,Ground,RB,2.3,12,L,,1,1,3,0,0,0,508,78,9:18,2829,904,n/a,2829,904,yes,0,0,Fields of normandy,Domination,,,,,,
1/28/2021,Italy,Air,AB,4.3,5,W,,2,4,2,0,0,0,1398,85,8:46,22294,2838,"Avenger,SupportingFire,Teamwork,Fightersecure.BestSquad,OnHand",22294,2838,yes,0,0,Fjords,Ground Strike,,,,,,
1/28/2021,Italy,Air,AB,4.3,3,L,,1,3,3,0,0,0,1382,78,10:52,13032,1720,"GroundForceRescuer,WaterTroopsRescuer,RankDoesNotMatter,OnHand",13032,1720,yes,0,0,Guam,Ground Strike,,,,,,
1/29/2021,China,Ground,RB,2.3,7,W,,1,1,2,0,0,1,1423,83,18:39,12984,3580,"teamwork,intelligence,Adamant",7419,3580,yes,75,0,Carpathians,Domination,,,,,,
1/29/2021,Sweden,Ground,RB,2.7,8,L,,1,1,5,0,0,1,1451,84,16:03,9680,2293,"SupportingFire,TankRescuer",8800,2085,yes,10,10,Sweden,Domination,,,,,,
1/29/2021,Sweden,Ground,RB,2.7,13,L,,0,0,3,0,0,0,482,75,10:43,2873,1341,n/a,2873,766,yes,0,75,Ash River,Conquest #3,,,,,,
1/29/2021,Sweden,Ground,RB,2.7,5,L,,1,0,4,0,0,1,1097,90,10:47,6841,1743,n/a,6841,1585,yes,0,10,Poland,Domination,,,,,,
1/29/2021,Sweden,Ground,RB,2.7,6,W,,2,1,4,0,0,0,1193,85,12:44,6309,3813,n/a,6309,2061,yes,0,85,Ash River,Domination,,,,,,
1/29/2021,Sweden,Ground,RB,2.7,11,W,,0,2,3,0,0,0,709,67,16:07,4407,3463,SupportingFire,4407,1979,yes,0,75,Sweden,Domination,,,,,,
1/29/2021,Italy,Ground,RB,2.3,7,L,,2,1,2,0,0,1,1069,82,10:33,4153,1586,"Teamwork,TankRescuer",4153,1586,yes,0,0,Advance to the Rhine,Domination,,,,,,
1/29/2021,Italy,Ground,RB,2.3,15,L,,0,0,3,0,0,0,209,65,7:39,-495,510,na/,-495,510,yes,0,0,Kuban,Domination,,,,,,
1/29/2021,Italy,Ground,RB,2.3,8,L,,2,2,3,0,0,0,1172,82,13:23,4120,1840,n/a,4120,1840,yes,0,0,Tunisia,Domination,,,,,,
1/29/2021,Japan,Air,AB,4.3,10,L,,3,3,4,0,0,1,1692,79,13:28,11796,2318,"Avenger,GroundForceRescuer,FighterRescuer,Teamwork,BestSquad",11796,2318,yes,0,0,Mozdok,Domination,,,,,,
1/29/2021,Japan,Air,AB,4.3,11,W,,3,0,3,0,0,0,920,67,11:11,11185,2340,"FighterRescuer,BomberRescuer",11185,2340,yes,0,0,Britain,Domination,,,,,,
1/29/2021,Japan,Air,AB,4.3,8,L,,2,1,1,0,0,0,869,73,8:56,6206,1226,Avenger,6206,1226,yes,0,0,Graves Robbers Clifs,Domination,,,,,,
1/29/2021,Japan,Air,AB,4.3,4,L,,3,3,1,0,0,0,1370,90,7:10,14404,1484,"rankDoesNOtMatter,BomberRescuer,SupportingFire,Teamwork,FighterRescuer,Avenger,Balancer",14404,1484,yes,0,0,Korsun,Ground Strike,,,,,,
1/29/2021,France,Air,AB,3.3,5,L,,3,2,2,0,0,0,1367,84,8:47,5445,1762,"RankDoesNotMatter,WaterTroopsRescuer",5445,1762,yes,0,0,Ireland,Ground Strike,,,,,,
1/29/2021,France,Air,AB,3.3,11,W,,3,1,0,0,0,0,962,81,7:40,16717,2328,"RankDoesNotMatter,FighterRescuer",16717,2328,yes,0,0,Oahu,Ground Strike,,,,,,
1/29/2021,France,Air,AB,3.3,8,W,,2,4,1,0,0,0,1460,76,11:58,14001,2878,"Teamwork,FighterRescuer",14001,2878,yes,0,0,Britain,Air Domination,,,,,,
1/29/2021,France,Air,AB,3.3,9,W,,2,4,1,0,0,0,1512,78,11:27,13755,2916,"SoftLanding,SupportingFire,Teamwork,FighterRescuer,Avenger",13755,2916,yes,0,0,Britain,Domination,,,,,,
1/29/2021,Britain,Air,AB,4.3,11,W,,2,2,5,0,0,0,1231,74,14:11,16973,2630,n/a,16973,2630,yes,0,0,"Mountain Ridge, China",Frontline,,,,,,
1/29/2021,Britain,Air,AB,4.3,5,W,,2,4,1,3,0,0,1543,88,8:24,21439,2852,"GroundFroce,SupportingFire,Teamwork",21439,2852,yes,0,0,Iron Range,Ground Strike,,,,,,
1/29/2021,Britain,Air,AB,4.3,5,L,,3,6,5,0,0,0,2153,84,17:37,15896,2620,"GroundForcerescuer,Onhand",15896,2620,yes,0,0,"Canyon, Africa",Frontline,,,,,,
1/29/2021,Britain,Air,AB,4.3,10,W,,2,2,2,0,0,0,966,74,9:22,16164,2218,n/a,16164,2218,yes,0,0,"Mountain Ridge, China",Frontline,,,,,,
1/29/2021,Britain,Air,AB,4.3,9,L,,1,4,2,0,0,0,968,71,10:24,7841,1296,FighterRescuer,7128,1296,yes,10,0,Rice Terraces,Frontline,,,,,,
1/29/2021,Britain,Air,AB,4.3,9,W,,2,1,1,0,0,0,780,80,6:45,13542,1872,GroundForceRescuer,13542,1872,yes,0,0,Sicility,Ground Strike,,,,,,
1/29/2021,Britain,Air,AB,4.3,5,L,,2,2,2,0,0,0,1245,75,10:55,10725,1732,"Teamwork,GroundForceRescuer",10725,1732,yes,0,0,Graves Robbers Clifs,Ground Strike,,,,,,
1/29/2021,Italy,Ground,RB,2.3,6,L,,2,1,3,0,0,1,1123,83,10:40,3980,1638,TankRescuer,3980,1638,yes,0,0,Kuban,Domination,,,,,,
1/29/2021,Italy,Ground,RB,2.3,6,L,,2,4,4,0,0,0,1763,88,17:31,14048,2520,"TankRescuer,Adamant,Wingman",14048,2520,yes,0,0,Kuban,Domination,,,,,,
1/29/2021,Italy,Ground,RB,2.3,6,L,,2,3,3,0,0,1,1594,86,14:53,6242,2358,"BaseDefender,Adamant,helpWithRepairing",6242,2358,yes,0,0,Stalingrad,Domination,,,,,,
1/30/2021,Japan,Ground,RB,2.0,13,W,,0,0,1,0,0,0,239,41,12:40,2400,2078,n/a,2400,831,yes,0,150,Jungle,Domination,,,,,,
1/30/2021,Japan,Ground,RB,2.0,6,L,,2,1,2,0,0,1,1399,83,14:15,2709,1536,Adamant,2709,1536,yes,0,0,Cargo Port,Conquest #1,,,,,,
1/30/2021,Japan,Ground,RB,2.0,10,W,,2,1,2,0,0,0,955,78,11:11,4626,2204,n/a,4626,2204,yes,0,0,Eastern Europe,Domination,,,,,,
1/30/2021,Sweden,Ground,RB,2.7,8,L,,2,1,2,0,0,0,1039,77,16:01,9258,1848,GroundForceRescuer,9258,1848,yes,0,0,Finland,Domination,,,,,,
1/30/2021,Sweden,Ground,RB,2.7,11,W,,1,1,1,0,0,0,823,71,12:31,6537,5074,n/a,6537,1269,yes,0,300,Japan,Domination,,,,,,
1/30/2021,Britain,Ground,RB,3.3,9,W,,1,4,3,0,0,0,1566,85,17:18,22826,4994,"Adamant,Wingman,OnHand",22826,4994,yes,0,0,Kuban,Domination,,,,,,
1/30/2021,Britain,Air,AB,4.3,8,W,,2,6,1,0,0,1,1996,83,13:07,26135,3844,"FighterRescuer,Teamwork,OnHand",26135,3844,yes,0,0,Denmakr,Domination,,,,,,
1/30/2021,Britain,Air,AB,4.3,9,W,,1,1,3,0,0,0,520,71,6:42,2655,1452,n/a,2655,1452,yes,0,0,Pacific Hidden Base,Ground Strike,,,,,,
1/30/2021,USSR,Naval,AB,3.3,3,W,,6,1,0,0,0,0,1280,72,14:35,76471,7217,"Teamwork,ShipRescuer,Avenger,Professional",30588,7217,yes,150,0,Aleutian Islands,Domination,,,,,,
1/30/2021,USSR,Naval,AB,3.3,2,L,,6,2,4,0,0,0,1710,79,14:30,13083,3133,n/a,13083,3133,yes,0,0,Arabian Sea,Domination,,,,,,
1/30/2021,USSR,Naval,AB,3.3,3,W,,4,4,0,0,0,0,1388,74,13:43,55377,7354,n/a,55377,7354,yes,0,0,Coral Islands,Domination,,,,,,
1/30/2021,Japan,Air,AB,4.3,6,L,,1,2,2,0,0,0,1048,77,9:08,6413,1280,"FighterRescuer,Avenger",6413,1280,yes,0,0,Ladoga,Domination,,,,,,
1/30/2021,China,Air,AB,4.3,15,W,,1,0,0,0,0,0,323,55,8:12,5060,1210,n/a/,5060,1210,yes,0,0,Guam,Ground Strike,,,,,,
1/30/2021,USSR,Naval,AB,3.3,1,W,,12,2,2,0,0,1,3223,91,24:00,89556,12032,"FighterRescuer,Avenger,ShipRescuer,Professional.FinalBlow",89556,12032,yes,0,0,Green Mountains Golf,Domination,,,,,,
1/30/2021,Japan,Air,AB,1.3,3,L,yes,4,1,1,0,0,0,1583,89,9:02,4175,1652,unknown,4175,1652,no,0,0,"Mountain Ridge, China",Ground Strike,,,,,,
1/30/2021,Japan,Air,AB,1.3,4,W,yes,4,5,1,0,0,0,2115,95,8:30,6181,2242,unknown,6181,2242,no,0,0,Stalingrad,Ground Strike,,,,,,
1/30/2021,Japan,Air,AB,1.3,2,W,yes,3,1,3,1,0,0,1240,88,8:38,3972,1827,unknown,3972,1827,no,0,0,Ireland,Ground Strike,,,,,,
1/30/2021,UK,Naval,RB,2.3,1,L,yes,4,1,3,0,0,0,1097,84,9:08,7431,1266,unknown,7431,1266,yes,0,0,Fiji,Domination,,,,,,
1/30/2021,Japan,Naval,RB,2.3,4,L,yes,4,1,4,0,0,0,1406,88,12:01,6227,1724,unknown,6227,1724,yes,0,0,Green Mountains Gulf,Domination,,,,,,
1/30/2021,Japan,Naval,AB,2.3,4,L,yes,3,5,4,0,0,0,1021,92,9:30,2736,1308,unknown,2736,1308,yes,0,0,African Gulf,Dmination,,,,,,
1/30/2021,US,Naval,AB,2.3,1,W,yes,7,5,2,0,0,0,4679,90,10:52,14853,2810,unknown,14853,2810,no,0,0,Arabian Seas,Battle,,,,,,
1/30/2021,China,Air,AB,2.3,3,W,yes,8,3,3,5,0,0,2964,90,14:32,21636,4216,unknown,21636,4216,yes,0,0,"Canyon, Africa",Ground Strike,,,,,,
1/30/2021,China,Air,AB,2.3,1,L,yes,12,3,4,6,0,2,4886,96,14:20,29688,4184,unknown,29688,4184,yes,0,0,Berlin,Domination,,,,,,
1/31/2021,Britain,Ground,RB,3.3,10,W,no,3,1,2,0,0,0,1029,76,16:00,14233,4234,"Teamwork,Intelligence,TankRescuer,RankDoesNotMatter",14233,4234,yes,0,0,Battle of Hurtget Forest,Conquest #1,,,,,,
1/31/2021,Japan,Air,AB,4.3,10,L,no,1,3,1,1,0,0,920,73,9:16,5863,1181,"FighterRescuer,GroundForceRescuer,SupportingFire",5863,908,yes,0,30,Berlin,Domination,,,,,,
1/31/2021,Japan,Naval,AB,3.7,11,W,no,0,2,1,0,0,0,212,31,11:50,6374,1291,n/a,6374,993,yes,0,30,New Zealand Cape,Domination,yes,yes,,,,
1/31/2021,China,Air,AB,4.0,8,W,no,2,2,3,0,0,0,1129,74,10:36,10140,3174,n/a,10140,2442,yes,0,30,Spain,Ground Strike,,no,,,,
1/31/2021,Italy,Naval,AB,3.3,5,W,no,3,1,1,0,0,0,675,66,9:06,21367,2991,n/a,21367,2301,no,0,30,North Sea,Domination,,no,Naval Ally (r3),1/24,n/a,
1/31/2021,USSR,Naval,AB,3.3,1,W,no,7,3,3,0,0,0,2080,84,11:43,42978,5683,"SupportingFire,ShipRescuer,Avenger,Professional,Teamwork,BestSquad",42978,4372,yes,0,30,North Port,Domination,,no,Naval Ally (r3),3/24,n/a,
1/31/2021,USSR,Naval,AB,3.3,1,W,no,12,6,3,0,0,0,3342,92,15:30,212169,8965,"Avenger,ShipRescuer,FighterRescuer,Professional,OnHand",53042,6896,yes,300,30,Volcanic Island,Domination,,no,Naval Ally (r3),6/24,n/a,
1/31/2021,USSR,Naval,AB,3.3,2,L,no,4,2,0,0,0,0,1238,71,12:19,10524,2273,"FirstStrike,Avenger,ShipRescuer",10524,1748,yes,0,30,Coral Islands,Domination,,yes,Naval Ally (r3),2/24,n/a,
1/31/2021,USSR,Naval,AB,3.3,1,W,no,11,3,2,0,0,2,3163,91,16:20,64074,8016,"BomberRescuer,BaseDefender,BaseCapturer,FighterRescuer,ShipRescuer,Professional",64074,6166,yes,0,30,Arabian Sea,Domination,,no,Naval Ally (r3),3/24,n/a,
1/31/2021,USSR,Naval,AB,3.3,2,L,no,4,1,4,0,0,1,1296,73,14:42,7467,3267,"BaseDefender,ShipRescuer,Teamwork",7467,2513,yes,0,30,North Sea,Domination,,no,Naval Ally (r3),1/24,n/a,
1/31/2021,USSR,Naval,AB,3.3,3,W,no,7,2,2,0,0,0,2007,82,15:50,42156,7090,"ShipRescuer,Professional",42156,5454,yes,0,30,Aleutian Islands,Domination,,yes,Naval Ally (r3),2/24,n/a,
1/31/2021,USSR,Naval,AB,3.3,1,W,no,6,4,2,0,0,2,2634,88,15:46,68092,6875,"BaseDefender,SupportingFire,BaseCapturer,ShipRescuer,Professional,FinalBlow",68092,6875,yes,0,0,Arabian Sea,Domination,,yes,Naval Ally (r3),4/24,n/a,
1/31/2021,USSR,Naval,AB,3.3,,W,no,6,4,5,0,0,1,2321,85,17:46,18183,4200,"ShipRescuer,FighterRescuer,Avenger,Professional",18183,4200,yes,0,0,Mediteranian Port,Domination,,yes,naval Ally (r3),3/24(fin),n/a,
1/31/2021,UK,Ground,RB,3.3,9,W,no,3,2,4,0,0,1,1713,87,20:02,21520,5629,"RankDoesNotMatter,Adamant,TankRescuer,FighterRescuer,FinalBlow,Avenger",21520,5629,yes,0,0,Japan,Dmination,,yes,n/a,,n/a,
1/31/2021,UK,Ground,RB,3.3,10,W,no,2,1,1,0,0,0,1048,77,17:07,18772,5192,"TankRescuer,Adamant,SupportingFire",18772,5192,yes,0,0,Ash River,Domination,,no,n/a,,n/a,
,,,,,,,,,,,,,,,,,,,,0,0,,,,,,,,,,,
,,,,,,,,,,,,,,,,,,,,0,0,,,,,,,,,,,
,,,,,,,,,,,,,,,,,,,,0,0,,,,,,,,,,,
,,,,,,,,,,,,,,,,,,,,0,0,,,,,,,,,,,
,,,,,,,,,,,,,,,,,,,,0,0,,,,,,,,,,,
,,,,,,,,,,,,,,,,,,,,0,0,,,,,,,,,,,
,,,,,,,,,,,,,,,,,,,,0,0,,,,,,,,,,,
,,,,,,,,,,,,,,,,,,,,0,0,,,,,,,,,,,
,,,,,,,,,,,,,,,,,,,,0,0,,,,,,,,,,,
,,,,,,,,,,,,,,,,,,,,0,0,,,,,,,,,,,
,,,,,,,,,,,,,,,,,,,,0,0,,,,,,,,,,,
,,,,,,,,,,,,,,,,,,,,0,0,,,,,,,,,,,
,,,,,,,,,,,,,,,,,,,,0,0,,,,,,,,,,,
,,,,,,,,,,,,,,,,,,,,0,0,,,,,,,,,,,
,,,,,,,,,,,,,,,,,,,,0,0,,,,,,,,,,,
,,,,,,,,,,,,,,,,,,,,0,0,,,,,,,,,,,
,,,,,,,,,,,,,,,,,,,,0,0,,,,,,,,,,,
,,,,,,,,,,,,,,,,,,,,0,0,,,,,,,,,,,
,,,,,,,,,,,,,,,,,,,,0,0,,,,,,,,,,,
,,,,,,,,,,,,,,,,,,,,0,0,,,,,,,,,,,
,,,,,,,,,,,,,,,,,,,,0,0,,,,,,,,,,,
,,,,,,,,,,,,,,,,,,,,0,0,,,,,,,,,,,
,,,,,,,,,,,,,,,,,,,,0,0,,,,,,,,,,,
,,,,,,,,,,,,,,,,,,,,0,0,,,,,,,,,,,
,,,,,,,,,,,,,,,,,,,,0,0,,,,,,,,,,,
,,,,,,,,,,,,,,,,,,,,0,0,,,,,,,,,,,
,,,,,,,,,,,,,,,,,,,,0,0,,,,,,,,,,,
,,,,,,,,,,,,,,,,,,,,0,0,,,,,,,,,,,
,,,,,,,,,,,,,,,,,,,,0,0,,,,,,,,,,,
,,,,,,,,,,,,,,,,,,,,0,0,,,,,,,,,,,
,,,,,,,,,,,,,,,,,,,,0,0,,,,,,,,,,,
,,,,,,,,,,,,,,,,,,,,0,0,,,,,,,,,,,
,,,,,,,,,,,,,,,,,,,,0,0,,,,,,,,,,,
,,,,,,,,,,,,,,,,,,,,0,0,,,,,,,,,,,
,,,,,,,,,,,,,,,,,,,,0,0,,,,,,,,,,,
,,,,,,,,,,,,,,,,,,,,0,0,,,,,,,,,,,
,,,,,,,,,,,,,,,,,,,,0,0,,,,,,,,,,,
,,,,,,,,,,,,,,,,,,,,0,0,,,,,,,,,,,
,,,,,,,,,,,,,,,,,,,,0,0,,,,,,,,,,,
,,,,,,,,,,,,,,,,,,,,0,0,,,,,,,,,,,
,,,,,,,,,,,,,,,,,,,,0,0,,,,,,,,,,,
,,,,,,,,,,,,,,,,,,,,0,0,,,,,,,,,,,